id,name,address,region
44980378299,Samson,"P.O. Box 682, 8903 Rhoncus. Avenue",Ist
41602060699,Jamalia,"454-7928 Nec, Street",LAZ
92992892999,Martina,"P.O. Box 486, 1273 Amet St.",AN
74456219899,TaShya,360-3782 Duis St.,Devon
37410669999,Graham,877-3004 Non Road,BW
22639775899,Lucian,"P.O. Box 748, 1271 Dis St.",British Columbia
58423031699,Bell,472-5896 Felis. St.,Małopolskie
36405055199,Myles,"922-1068 Vitae, St.",Ceará
85735058899,Stone,"3723 Rutrum, Avenue",OY
58989050799,Ian,2042 A Av.,RM
93408003799,Paula,Ap #234-2333 Curabitur Rd.,PE
12441060399,Chantale,5345 Sit Avenue,QLD
81253261099,Sydney,2075 Diam. Av.,ZP
91715524999,Erasmus,"772 Eget, Avenue",TAA
35413683199,Gannon,Ap #330-8726 Ultrices St.,Connacht
97983469199,Malik,"153 A, Street",M
52668128899,Jasper,4620 Accumsan St.,Toscana
79807647599,Gray,"P.O. Box 906, 2281 Phasellus Rd.",Connecticut
62544791199,Riley,6858 Amet Street,OR
98403895999,Odette,"P.O. Box 310, 2180 Vehicula St.",A
54732762499,Leigh,"P.O. Box 999, 2072 Porttitor Road",Paraná
83247255599,Darrel,Ap #330-955 Duis Rd.,NI
71427088799,Bevis,Ap #798-848 Feugiat. St.,Metropolitana de Santiago
03845965899,Illiana,Ap #645-2843 Dui Ave,Lagos
64780598299,Patricia,1326 Ultricies St.,Z.
87777393899,Maia,"P.O. Box 398, 233 Libero. Rd.",Istanbul
78613129399,Amena,Ap #270-9139 Magnis Road,UP
71451026399,Devin,4542 Rutrum Avenue,IL
08616652199,Uta,"Ap #974-714 Ornare, Avenue",AQ
95519649899,Nathaniel,9996 Velit. Av.,AK
18272302999,Noel,Ap #161-6104 Commodo St.,Lubelskie
77208958799,Ria,"707-4129 Ut, St.",ON
29738861199,Lael,682-1915 Ultrices Rd.,Cartago
89690099499,Upton,Ap #295-8682 Dictum. Av.,Midi-Pyrénées
89754052399,Kristen,"697-8879 Aliquam, Ave",NI
43397958299,Aidan,"P.O. Box 991, 8050 Purus. Rd.",Bremen
43824749199,Brandon,"P.O. Box 622, 682 Consequat St.",Ulster
79405836199,Stewart,374-4030 Fermentum Av.,Fr
68426150199,Dacey,"8588 Dui, Avenue",North Rhine-Westphalia
55933297899,Basia,"Ap #638-6078 Montes, Ave",Ist
75460410099,Len,Ap #980-5288 Vulputate Rd.,MA
98326973999,Jocelyn,Ap #836-3623 Ipsum Av.,TN
40775238699,Chloe,Ap #933-9806 Vel Rd.,Madhya Pradesh
83252901499,Macaulay,Ap #444-4439 Tincidunt St.,ERM
59260737399,Devin,7781 Faucibus. Street,Connacht
06878790299,Alexandra,929-4561 Vel St.,Östergötlands län
44620699599,Arden,492 Quis St.,Lombardia
20619011899,Wing,Ap #154-6068 Mi Av.,North Island
25592638199,Zia,915-4125 Mattis Road,NI
34480113099,Zorita,Ap #657-2099 Euismod St.,SK
00897980999,Jael,941-6229 Rutrum. Rd.,Vienna
90627324199,Carl,652-1689 Egestas Avenue,Comunitat Valenciana
12917662599,Orli,3225 Mollis. Av.,GO
61536876099,Amber,8269 Vitae Street,Hat
88675114899,Eagan,"P.O. Box 712, 3369 Lorem Street",ON
20956457899,Lewis,"3222 Vulputate, Av.",Wie
17461469399,Ramona,"P.O. Box 696, 2025 Nec, St.",Berlin
53702318999,Walter,"Ap #418-1511 A, St.",PR
94710476799,Micah,2652 Magna. Av.,QC
92545153599,Guy,"P.O. Box 991, 1531 Integer Road",Vienna
83753152999,Kylan,Ap #513-4809 Enim Street,XIV
89765825699,Zephr,2430 Velit. St.,Gelderland
53541948499,Odette,792-7906 Molestie Avenue,São Paulo
60638961199,Elvis,667 Curabitur Avenue,Vienna
55844478399,Michael,Ap #586-4822 Ipsum Av.,O
73883626599,Ronan,"6373 A, Street",Bur
47801182199,Sopoline,"P.O. Box 681, 1557 Lacinia. Rd.",Picardie
12244183999,Finn,"P.O. Box 559, 8699 Fermentum Avenue",Lagos
44903940799,Rhoda,3831 Lacus. Av.,North Island
35455196999,Odette,581-4511 Quisque Road,Oyo
12766218399,Lucius,"P.O. Box 632, 1445 Aliquam St.",LA
75505638099,Reagan,Ap #362-594 Nullam Street,IL
44452874499,August,Ap #588-9464 Semper Avenue,Araucanía
46724273499,Amal,"3641 Eget, Avenue",LU
30636622999,Mikayla,210-8814 Quis Rd.,O
98838038199,Audrey,Ap #534-9140 Adipiscing Road,Pomorskie
85202635799,Steven,"P.O. Box 989, 2310 Suscipit, St.",QC
56765053599,Tad,829-6322 Lobortis Av.,ID
05937433099,Madison,715-9580 Nunc Av.,South Island
59473392399,Desiree,824-3720 Tempus Avenue,Alajuela
83565536899,Byron,"P.O. Box 991, 8579 Tincidunt St.",South Island
88291998899,Tanek,"P.O. Box 729, 1625 Iaculis Av.",LA
18675591099,Beverly,"P.O. Box 430, 1575 Ultricies Street",Paraná
59732933399,Yvette,"Ap #241-8369 Montes, St.",Washington
04438031199,Hayley,798-4387 Diam Road,Pará
77450533299,Victor,"6018 Placerat, Ave",Wie
72689740999,Wynter,9309 Venenatis St.,VIC
34302229899,Megan,"P.O. Box 556, 3304 Metus. Street",RJ
88230922299,Iliana,"P.O. Box 816, 651 Elit, St.",SP
96739932199,Kelsie,Ap #389-4018 Dui. St.,São Paulo
63924035699,Riley,"P.O. Box 998, 3313 Aliquam Ave",ID
42592641499,Denton,624-9061 Sed St.,U
14341370099,Colton,8869 Eget Road,Metropolitana de Santiago
00544006299,Kylie,"P.O. Box 618, 5429 Vitae, Street",AN
32813258299,Dawn,773-8527 Egestas Av.,São Paulo
16375132799,Katelyn,"P.O. Box 892, 5632 Id, Av.",Bremen
24518476699,Octavius,1225 Etiam Av.,Lagos
42446995699,Allen,472-3476 Libero. Rd.,XV
72998635999,Joan,"P.O. Box 345, 101 Tortor St.",WV
95888208299,Ava,"767-9232 Ornare, Rd.",NI